3.797312505948875,-1.0393441288570198
5.961891049281411,-0.9425896748648319
1.0670441456608053,-2.378802109834073
3.267277196114848,-3.0912726922260676
3.920835042655996,-1.7708980312570834
4.605432626383258,-1.6618998571796562
9.077272121672797,2.2108823557287227
3.107210740313273,-1.0557573847617467
5.984824982035507,-1.0664899914107113
0.31263959950722403,-3.1504380598447166
0.2534525204952392,-1.9374262412543641
0.01261473600385484,-2.319516786748013
4.435527420689589,-1.8127230887263692
6.095066195559683,0.23223352173186587
1.9229280457627167,-0.9542849722387718
3.717634774572148,-1.6392178151637118
0.18780931343224502,-2.6637707641440214
4.804462108943101,-2.107602984254146
2.8635593384252873,-1.2264204324834376
4.012538547225706,-1.010518473668863
8.05217461344657,0.9318753882931465
-0.644414308100062,-0.9437353361226115
0.877931073188994,-1.911271178232711
2.9528827726868627,-0.36916965349165226
1.7068896904221798,-2.9278229337899706
3.2957186560891314,-1.79864035551986
6.55822945210439,0.8101735404096447
2.525571783614471,-1.9214288279271345
6.7699186310445585,-0.4857237917563593
7.47479854123414,-0.1540784968834311
4.4156575984583455,-1.482250085723158
2.9255372799077546,-2.767740394329452
1.9512497576675503,-1.481867707437013
3.92836660888096,-1.3470006107157098
1.8387106520157013,-2.2519956385837796
3.374961686993521,0.2668583448512415
1.4869632842846316,-1.220244095647733
4.355073934185603,-0.8029286794402958
-0.34522498954423275,-1.2641242594197146
6.780410266410784,0.6201519169044404
0.1328262724586187,-1.6951817520855041
-0.583567673229619,-0.20072234845924727
-0.45638731618976625,-1.5209305504485144
1.8478418624235085,1.353075912088637
-0.9318473463096504,1.2867038825288981
-0.7547638700501013,-0.6382166261610972
-1.2540087566682083,-0.6040974302893685
-0.17916227487917502,-1.5755411553036258
1.4045871140057624,-3.0090071810324694
-0.3581960112588263,-2.2846022697824706
-0.6441586673656459,-1.583784370560377
-0.48511566075354334,-2.7082971994065073
-1.1070574509582574,-0.07811195792624867
-1.7970412310681203,-0.3004313853441394
-1.1464118966055836,-1.031351834662703
-1.3951628574782298,-1.8070404784373022
0.330801621689745,-1.7953499653603868
3.174276527372127,-2.3369095713966557
-1.3958438944859504,0.06620829807961426
-0.07279873038845608,-1.8566658583379396
-0.14116438374561957,-1.6351601137174074
0.687037866953918,-2.6030266071108943
0.3367495455460125,-3.3139672115741825
1.3769865699049755,-1.6980998115242623
0.9902902489455284,-1.2198729396641785
10.97949605281705,4.273352472596883
-0.24376146035848864,-2.5309760132464882
-1.0672914054810878,3.4969259761502935
-1.095379391953885,-0.7122331804235951
-2.220524156481465,-0.07095624404173292
-1.2222036096207862,-0.30444937361893953
-0.8562619134195935,-2.0033615874104145
-0.2945096507071992,-2.295722134407538
0.8098588107718863,-0.8765519527377384
1.5811355914133103,-2.1959136081748443
-0.940317595614936,1.0633880171558823
-0.08293178217082994,-2.0135495010391544
0.3328841262565182,-1.0368624896670124
-0.29138256590396405,-1.3792510967440819
-0.409459478425109,-1.6380198632841085
-0.1422622128939272,-2.686285540324975
0.9248425341666945,-0.7365342586012259
3.808398761876928,-0.1325973789250228
0.4874547402150918,-1.3297899619852354
-2.830913495810125,2.5268471329205497
1.0977377147184442,-2.18451673704403
-1.863039816968755,1.2707811124282016
1.8849721768582086,0.008979662958525859
-0.7662483463425841,0.6578843774720313
-0.7039570578975908,1.9293744977294236
1.0476290214033563,-1.4087082962888073
-0.21353757466733894,-1.192286283255351
0.42253853256128515,-1.9027867703669283
-0.5992290961169014,-0.17863723753572694
0.3138384237275212,-1.6541127103041784
-0.9454488931676746,2.867962489963816
-0.11121426553298878,0.6989789772508193
-0.5880159315147295,-0.06658306572950907
0.2964380524861458,-2.5344173382146535
0.3604561093199009,0.5446351173731164
0.16226507762667486,-1.2814613096422691
-0.7640812038676493,-0.8231880644708054
-1.082177386555217,-0.6123199854325537
-1.4858878713523531,-0.5522374351881663
-3.410100466672741,3.7871789886533973
13.348975245940855,10.84904929341589
-1.1004704903651796,-0.46046127695100303
1.7771892648698853,-2.171339887884331
-0.352775319015825,-2.448052976707724
-0.251161730005862,-2.562649386415303
1.3267632693776057,-2.2255328807170756
1.0930364564917225,-2.1319880257000716
0.7812668671047635,-2.612948236119435
0.4981599361628888,-3.045217099597735
-1.9299655571133925,1.9041524664275826
0.49114232218448345,-1.8493062496496118
-0.08088617316775228,-1.8971049044882087
1.1751026187309812,-2.2689822924987317
1.1814677938212013,-2.418488021447254
-0.6890017388164213,0.23338826833869167
-0.6205538998505333,-1.7438343057052856
0.8845163057856813,-2.113732068279745
-0.8189037599932577,-2.272584635267877
3.3981625281278225,-1.5406530267477878
-1.294138823758206,-1.4800088352347451
-0.7563649722587501,-1.9127481998502176
-1.077981167636778,-1.3222823894627673
-0.18763216279920383,-1.689234880294171
-0.8573870776898915,-0.793431603070115
-0.24783727098285926,-0.5187378482609066
-0.5254558805121478,2.188610297611066
0.44373711975147545,-1.3003296205487045
1.9152218249391135,0.18214517382616324
-0.3030125829272292,-0.771658177883158
0.2941548289754879,0.027783367640717992
-0.9515399974055971,0.29204454865571594
-3.334758920326768,2.586264326035617
-1.6089141912491047,-0.9088515405439263
-0.4090145219007202,-0.9798646801294987
-0.18285259472445733,-1.4308675841335645
0.3592078682911314,-1.642798041753033
0.8196503920506999,-1.588058670814729
0.26522780389007933,-2.008228114237903
2.784986358797636,-2.218291297912311
1.327300405109587,-1.4227432128124573
0.6210752138547975,-1.0708441756835576
-1.8644943337754094,0.7314071314330406
-1.513828636866172,-0.26485018744738975
-2.1126837758729713,1.4139921154208683
0.7058342289244786,0.6614549576784462
1.4083647053699562,-0.39806073205711323
-1.0567226945300143,-0.35603938392321327
-0.6238250425548211,-1.3919165778348954
-1.2320250306709932,0.43807255929837896
-0.8767999450139102,-0.37613027619399425
-0.9702967434482085,-1.30891949400762
1.4913235111997212,-2.184231628826932
-0.21879660737883536,-1.576137900316353
-1.2999824639652675,-0.6152290900989689
-1.5992215354678083,0.6285652106276287
-0.5620749164752694,0.6437191013250106
9.624628358761688,3.0974942033737825
2.567823194760365,2.6239477975846284
-0.18168250175439798,-1.8046659609879268
0.32804044624103573,-1.6329269549107168
0.9944820540228629,-2.551432252335201
0.7508250522455079,0.2488620349165279
-0.5359059096566896,0.8328428296723884
-2.078677879390032,0.11954682337128998
-0.6181262544684447,-1.2069479429491097
-0.09155422772598679,-1.7000732930511482
-0.6831436293793524,-1.3558577598554573
-1.1921804285658846,-0.702577332040327
-0.14612280582197693,-1.04451201777197
-0.44718234332951584,-1.5331121364499538
-2.420904620573713,1.358553635926259
0.24316328322709876,0.04132942760995443
-1.152998321695531,-1.0458306086053724
-0.9298321094690565,-1.0728544166455114
1.0264930114827056,-1.1078734016984446
0.44091064434418004,-2.529509149877958
-0.5409082376672821,0.07870239882759174
-1.5785535078879507,1.2446192731165582
3.1158924958247147,-1.4013927367623376
-0.3873160911304619,-0.6693470033166694
-0.6648895713744046,-2.3197317229763086
2.2931859444439295,-0.4228914861120693
1.735682180527509,-1.5432163162877006
2.173364103326821,-2.3225971530515452
-0.7305415680209291,-1.6318900128640392
0.12020728773008613,-2.2548638120947855
-0.34160509612438367,-1.4086348121648684
-0.4619405250374806,-1.8726987700351017
-0.40663976962810944,-1.476209212777261
0.8702596737501211,-2.199615273829567
1.0091499850236088,-0.4757896141718954
0.09805351142950182,0.5915941742929571
0.6563098550027698,-0.4845629995611903
2.206248466682004,-2.1566150756994684
-0.12338203435377756,-2.430276432671069
1.1478925447214878,-0.09527648057211459
0.7133529716660651,-0.5726042078229276
-0.020915856412739693,-1.6194738360209606
-1.2442636182827083,0.3109495029670075
0.11819567149436584,-2.0146895717080158
1.0897364028690681,-0.5912583783433369
-0.2696937231806027,-1.2321364836968982
0.3905567737481102,0.04442076430860004
0.9079849890822822,-0.11407288232955602
0.5375914953641608,-1.0750001085260106
0.6885410870198381,-0.7276429746090979
0.16147946268828342,-1.9186041279766184
-0.3918594119964823,-0.8352940412413097
3.016184167264037,1.180108562418086
0.30147710002699907,1.606932035478318
0.08175252402116553,-0.34499084692275794
0.24910640118237334,-0.9358129778946824
0.04308265234571093,0.17808556979489365
0.4653974389455429,-0.8527926432407766
2.233498581458905,-0.1878512388016319
1.1037810931070773,-0.7078816626270555
0.9860510141571378,2.3268841861908225
-0.8734229970880357,-1.4631630641091562
2.493890182023883,2.092152582392694
-1.1492827609729952,0.3240770648833183
0.7455541353939464,-2.0293964110545617
-0.5007254928715369,-1.3774226283452051
3.3880913358393805,0.37600337105433523
-1.0229550373357417,-0.8652796774868101
-0.5094498657806968,-0.46139649875104305
0.5497571435343199,0.009854960259914647
3.9267565761630996,2.2944404971225385
0.05831243570815929,1.8829856973586987
2.8744021891512914,1.2326086814584314
0.6717869134304832,1.8696456481951862
1.4207705292021957,1.423450113169653
1.8700130638125798,-1.4997694276541984
1.8824673597639345,-0.7083723521360837
1.9145071595775973,-0.16121000783473322
5.420365994344124,1.1864962575407314
-0.887328797693516,-0.9852614192849377
0.22398866916278282,-0.4020410527470791
-1.1898974417136565,-0.9081491138993942
3.784596971532169,1.785284185235555
2.6539515825308815,-0.41471290080247153
4.83292237152762,1.7335056326570772
3.0439031663978198,0.08824154924326359
-1.416238762496614,0.023794038255359508
1.0084090577812772,-1.697443711420157
-0.9470619880716146,-0.5028332363315599
5.035456239459295,3.226425343303699
0.7720667797142077,-1.3811592207425913
-0.40298675222532154,0.08767012545483936
0.7755244291737645,-0.24733973121084363
-0.5300297821457046,-0.6421654322864302
1.657109401823844,-0.09434037793562555
5.467762643667792,1.9614818392981226
1.0539650139031842,-0.5876297007520515
2.2591483689017666,1.061253373489915
0.29926021882022563,0.26423520316694615
0.043750745878817575,-0.057371683393560975
0.012291010562829816,-0.4386900444743353
-0.10363962180284747,-1.1478691488706094
2.9856135809807838,0.041381622946749214
2.0093713057050997,0.005892643784925827
-0.05459258626112993,0.7540448327909373
-0.6875934696340843,-0.4386033361893884
3.182979236044441,0.36145130174860596
-0.25332260225471126,-1.00803168278241
-0.5872219153283221,0.4635580801515961
-0.07606215756624086,1.087135261678957
-1.1111478429230026,-0.04711690373779004
-0.47511464059016995,-1.0351002137618002
1.3210561717696863,-0.3225766046721798
1.6279830723862685,-0.18463873214207635
-1.374345806589084,-1.156515799853997
2.505955277250193,0.5258052914882765
-0.3281794447786422,-0.9766310587281997
3.3336899176931287,-0.2308330548655874
-0.3739220175883626,-0.7248398098894054
0.19748429322309596,-1.0175170301440815
-0.17976511598519787,-0.5600946901325072
-0.1783819431015685,-0.8150157265712057
0.4002538745599368,-0.9064872814562721
2.157100308891175,-0.6568281084603858
0.8536202627709026,1.25361867178059
0.3517442442877699,-0.9322535409944185
3.226532285375567,0.19005127395781254
1.2006232736324423,1.0770527100035796
-0.8385805764981912,-0.06096216584087177
3.3457691478345875,0.22695900735012722
2.620243996358126,0.8730808987872596
0.5411086172769656,-0.7268400615130717
0.7901265435284838,-0.9481239354683727
-0.2430706158148147,-1.2343757277619167
1.4869023631778902,1.6444882717259497
-0.12196264170363946,-1.7001728622278645
-0.9276801257680973,-0.06994866020593103
1.5680658554515237,-0.9167747541230634
-1.1903255386071077,-0.7800165224945486
-1.262239223367621,-1.0536001883365973
0.4246793697302491,-0.13914561840919804
2.6090979532273724,1.5652712534963364
3.299430705291693,-0.5949857702203839
4.050384459467795,1.4423442660147965
-0.8100751682921307,-0.5020646960237963
4.81820466303024,1.716609161936731
0.8529411183485933,0.4128411398897074
-1.511116512041734,0.7747630501608096
-0.3665745895108776,-1.3213428348909906
1.4829863994565047,-1.630609243206363
-0.21080209635287886,-0.7590283108793323
0.9960785485273844,-0.383608662142433
0.8774175402549406,1.8319238599898242
2.22303092340416,2.4266430336629705
0.16310645983538613,-0.17115258798933322
-1.0614235362612374,-1.680202854682529
4.916547691541821,0.8290922146281805
1.7657947072557323,-0.04844530108327509
0.1461792698122961,-0.8275048856543236
2.0990071098734977,0.5723147641847225
-0.7731592717395915,-1.3117000868750366
3.8874937054876657,1.2262193795258105
-0.2604693172790299,-1.2586178685965257
-0.2008341101785235,-1.7762116857937762
0.33588386508271156,0.6224795302047432
-0.48881227405848937,-0.2921706022982303
0.3684590360626953,-0.04944327610035163
3.4136446007835097,0.41483351357966514
-0.2743788127007119,-1.2724304016752488
-1.0821222661138283,-0.8293433427883194
7.145571386012375,3.3725298803123045
-0.002195779026058112,1.1750473714412082
-0.2589862268886133,-1.7975088116011402
-1.1107831644572796,-1.385436548246373
-0.6949962239723545,0.10615304714537865
0.5915556332407524,0.9432490783727925
0.8313295336566422,-0.4452599086329071
0.016680145614604427,-0.998277999153267
-0.03867302678015541,-0.34745311558498115
-1.2235267079966263,-1.7637018942849865
-1.6084249803858859,-0.11839920096475806
1.0853518362092271,-0.498239815164494
0.6812542435713231,0.08868981609090969
-1.0323928953822072,0.9900406530024257
1.2361204692114658,1.5799185442932586
6.018781139801322,1.6887928766282683
0.7106828035672733,-0.7800655528186006
-0.17367424011392935,-1.7295542336972913
-0.13868407573867292,-0.9511874440765158
1.747430435097257,-0.5908617699267924
-0.4863698168784304,-0.17112055121961048
0.7064604392579577,-1.7021076443625864
1.5965338518898466,0.00720046484225507
3.4136355249846244,0.8491885338046304
1.313802645558514,0.6929795480363211
-0.5075213394491332,-0.18090108867814061
1.7412200398725868,-0.04227344389314512
-0.7474305323272995,0.08460226340311278
0.21802324330691208,0.0655748996948486
-0.7780664172886606,-1.920797719097876
-0.5418041841261564,1.7606272749201226
-0.2804043544229746,-1.7372100184324297
-1.4599006604504443,0.35716557191590115
1.3591197008438078,0.21331376618124132
1.7471175289915142,-0.6870515932498354
3.776474062434283,1.1807000692113476
3.543010820201238,1.8550457026830969
-0.8002356937059832,-0.7879175259581104
0.9735733685842116,-1.2064878953913811
0.7245989227452521,-0.2923134303294025
-0.11073903372788474,-0.4344397240963317
1.285873373550269,-0.7739314443474085
0.6428301745515178,0.14648494808734955
2.093477428215361,0.1279759659752652
-1.1950273530583513,-0.9391132055688433
0.6060084193169855,0.2552243726766449
0.6254681285383292,-1.3689171666792712
2.4559647420975597,-1.254585461144218
4.699131286769653,2.333157280263393
1.8011385072943615,1.4889515737072867
1.8057839094149,1.239912462303747
0.511151871311934,-1.329248419094597
0.2794341483352732,-1.553556560586806
0.962404593454422,-0.6871552534910667
1.455437560363283,0.009963853276672017
1.1890242886971234,0.44826307125672
-1.1255814061021234,0.7207461708290919
-1.015859859058272,-1.1004138591985246
-1.3099407995666823,-1.2403700504007495
1.318697124289277,-0.9520326823887557
0.8818705934305718,0.4111283884686036
1.539656751001593,-0.3246827716969943
3.0071108074095076,0.6851189403825126
1.8838166027087424,-0.4338098707122415
-0.7044913921625988,-1.0787462771546028
-0.28108262385525495,0.005719772379941454
0.495533041869832,-1.5234415536389554
3.044073235067597,0.9092080840133066
0.10687267171264273,-0.885079379056308
4.646449422475766,0.8864132737989
0.27201878010192,-0.527897684687324
2.938538095999852,0.6310062982073443
0.6583594289991284,0.11927318344138467
2.6315532235780754,0.7318989156722038
3.089128934593678,1.5156123679148814
0.1353801106111125,-0.07017420278964084
1.2242434456560618,1.1217455420010096
-0.04386870801808889,-0.46254616008257465
1.8352200761919846,-0.026578302811965347
1.1640583096188777,-0.9539091519790631
-1.330388589062649,-0.9246693970502328
3.097084060841382,-0.017375376963054086
0.11843152502609437,-0.29111902860915195
0.8174719869921756,-1.4960191815884145
-0.9149880977465537,-1.0673735642682098
-0.24302427657006728,-1.4926988023402519
-0.3717816858098832,0.960569214849838
-0.0703803795802121,-0.7643874947139503
1.6206849587038232,0.3265827560643626
0.5086762030451992,0.8210434290465561
-0.4434688428424015,-1.5344876113524981
-0.3235179991256669,-0.8786528950337608
1.5881329883093798,1.158563274584607
-0.2467583178746599,-0.7404577614444228
-0.14338415154624895,0.9505626783177077
1.5238401700822726,1.3334903998449146
2.926305685858158,1.7948186305987166
2.8802971504975434,-0.3787537116370393
1.870786076964402,-0.5267126578796125
0.4484461808078517,-0.8036556152435568
5.003071134299699,3.2067200597440495
-0.7384333614065889,-1.8100695458391687
-0.6683070283892592,-1.1901042624768996
2.7585067915883523,0.23152575686753715
1.7556026126442623,0.2259111383665081
-1.7143477790303738,1.1466910924431413
1.7168632104974395,0.7389964993670598
-0.61979092562861,1.2345575212345368
-0.14973506318921234,-0.15196885234487373
-0.3736265222123548,-1.1606317467370724
0.06922909531425706,-0.4613509332841013
1.5859355884070265,-0.4546874027857741
-0.32586179973159235,0.8680952971770377
-0.30081436948685825,-0.7916885435315137
4.143596295243952,0.6879163391903662
1.5890968918901067,-0.32028654974945353
0.2525537677621968,0.4076335195526599
3.1041658575280615,1.9510588480803208
-0.49383517005945354,-1.289628309143464
-0.22524764368632058,-0.7037826998165507
1.2598888801261976,0.2763859663641514
0.9378655766581082,-0.31740859291553675
4.4647563821229035,-0.015286597787945968
0.40410002634033465,-1.7343597614666832
-3.152817773153659,2.1017585007428132
0.35231533261371134,-1.0274114038536217
0.8597620744624745,-0.6439922804947075
2.430958162397932,-0.13893975952226525
-0.5399934827128869,-0.6270342791106907
-0.08998391267788095,-0.702815390402501
-0.12370930198344993,-1.6096545566253193
-0.7915536772516644,0.3872607002381271
3.0237931669549214,0.5460472933107389
1.4568540082535235,-2.1563408541650615
2.0118131040346894,-1.493389444784958
-1.7035044513383564,-0.9311350651098698
0.6955210162074376,1.3736362857045052
1.854302829160439,0.7619689484198668
-0.2042810072511008,1.6953236729885617
-0.717354659435416,-0.5148449320513888
0.7917990735185493,1.01575125819255
0.8118458867526184,0.8143565473186153
2.4484716967895546,1.3529965579849252
2.0022241143615256,1.8011951655364915
1.4668726359070206,0.19719889606656774
0.8924746138523082,-0.11025687667557392
1.160750449393506,-1.5704528591460143
1.2947047458300505,-0.03350957120637216
2.486269082613594,1.3163022596661604
4.7064901225562785,3.011660144416372
2.607174253483768,0.6655378266819831
-0.5157506719550109,-0.8755572149244891
0.6053042802903655,-0.966365080289159
1.2428345565911678,0.9523851995042532
2.9403935302743145,0.5704728125178635
-0.7681128390175789,-0.708697891804412
-0.19223100481237265,-1.8195798808111832
3.6197245262571958,1.6322732457059062
1.5101880211335967,0.018527701413263747
-1.3491379151237124,0.27353868932409714
-0.5090483879735223,-0.11466896162325783
0.7666559323874758,-1.15614609212719
-0.016809545525376123,-0.9325145363299205
0.7399831312970775,0.3648590162869029
-0.18334101876043846,-1.900835143986798
-0.3389794746934491,-0.24314211068731414
2.994390987932603,1.925111120894721
1.2285973494580362,-0.8700094009390129
0.09167733814567688,-1.4809778641150775
0.7342038364828855,0.46885348466529136
-0.3453320914339387,0.20052932610372698
-0.021190371079593658,-0.535204521813642
0.04945731288859944,-1.1056301544184148
0.7124447596895996,-0.3583677706498736
-1.0406935774165045,-1.2782167003471634
0.7161117391734005,-0.9237542632033696
0.6678739007426042,-1.0264371742664453
-0.3547876785163876,-1.7035742617460063
1.7533266253158022,0.8599115134125669
-1.3874190866786926,-0.7710553760696628
-0.004479206152378223,-0.22111658446175922
1.0791532989474037,-1.1068404183512033
-0.14044676329417352,-0.5246654940017618
0.1250264511063505,-1.0243289046246187
0.69735147184778,-0.18227151924432855
-1.0176483092904576,-1.1909803738818936
-1.0383318291082448,-1.4935341143890073
-0.18561378209201007,0.7088142702620781
-0.2917432130450781,-1.1166754642961303
-0.4821417757980521,-1.2328442246754223
-0.583144076842056,0.9972714365008832
-0.4103106501870062,-1.0021763152224281
-1.4283915985375262,-0.73361788177264
3.9373637093078866,2.1240020700402686
0.023474770641622917,-0.6448922594809362
-0.47951118081281585,1.0219142294304646
4.089069855756988,1.7603320559080429
-0.5805208949753109,-0.810507843349402
-0.09178100333386825,-0.47941704469888824
-0.7164935066017587,-1.4151283901408753
0.30881734382350273,-0.05401094011683839
0.8029210119218732,-0.5114739456374087
3.4874991871378676,0.5538022735160437
0.43320905454411707,-2.0559342503294262
-0.5307427680177192,-1.7505852987144217
-0.6672513651192716,-0.9054091631132585
-0.9661178004493861,-0.9340865708242001
-0.9097843607176143,-0.5155963438994718
-0.3635899990605194,0.0750773512408508
-0.42116862062196153,-1.1603037752382808
3.86633883494238,2.667115232646882
2.4624097386011403,-0.3520861088220543
1.060491271662258,-1.0274459729175656
-0.9594520385522856,-0.5437901952862693
1.5300385201675502,-1.0378915060570086
2.9864167868321134,1.6773907237434798
1.5721534696789508,-0.12249851045159837
-0.3893480287642433,0.14216412465733677
0.041674552442589996,-1.6401036011614756
0.3405183130252908,0.8782133946770025
-0.18020247336810755,-0.7620967513890003
2.4622216267823527,0.2043308223491468
1.073506380968801,-1.3819610892223664
-0.44688470364690946,-0.5442890896435942
-0.2567044669491683,-1.2636818552897466
2.3788122988178197,0.20912563572492648
0.10828801713063246,-1.5428979568565413
0.08870448940802317,-1.1359119545236622
2.1513281415923853,-0.2558815399278175
1.170524431233015,2.242156467930767
2.175131977950512,0.5802904560208303
-0.7539360367393708,-0.8551812121336904
2.127709843402723,1.0024516296873758
0.1323200471949002,-1.790208823250584
-0.3779621774990858,-2.1103308436175476
1.354218109009554,-0.14246582265326652
-0.9766360783018655,-1.9989107453269352
0.43321483508670494,0.3459945364089552
0.6868846757152488,-1.839736582185267
0.21269120938644376,-1.0737032619658484
0.2258305323421473,-1.1794464549450918
1.057160258147106,-1.907136616862094
-0.7066158194881756,-1.234638210876457
-0.15427474767537502,-0.9380428524455089
0.21226681302541098,-1.7210288532033904
1.443517056557443,-0.05412313582624539
0.27694020692632887,-0.9821357214776817
0.7977992892423621,-0.8629944729291156
0.15607779859629198,-1.3348909355652328
1.3142657208027058,0.7451231891238721
0.7578262479902186,0.02655063890326732
-0.11927316400483726,-0.6555679077141136
0.7189736472613886,-1.398866874594556
-0.6627730782761114,0.27049750738987444
2.0432772660710508,0.3139093180285195
0.3094574616948694,-1.739808206452748
3.0955128259435716,0.8440848235331518
-0.28090672983072473,-1.6217760452705996
-1.0127824672951973,0.3986932780597877
0.7957532196173361,-1.3885158785359384
-1.379318555387268,-1.7785203656642605
-1.2475497408414549,-0.7466510515322539
3.669120991562931,0.22524824724433892
0.9231827253061061,-0.23172666530609956
-0.4378992186368557,-1.3083903282785703
0.049349839612271,-1.0004211902077942
1.3856529317240016,-1.0957178880907708
-1.3061732090651261,-1.562697173547981
0.488908023002519,-0.0255904865420946
0.1785275494753047,-0.06889208118859412
1.990054268056941,-0.5818270323956216
-0.7067231891110528,-0.5786735748631936
-0.4962079648582349,0.7646508275499211
8.260228732765754,2.40473312294115
0.1490220052958573,-1.855046567618253
1.7805141777856346,0.37719326835491107
1.8351420410874553,0.04300480138335572
2.1292248145944326,-0.7542753913824873
0.691781827434842,-1.5294803727164796
0.023108787429837862,-1.0775372109848442
-0.305269555397835,-0.2870637930443913
3.1892316093835467,0.18785219987568372
0.26837116917639825,-1.9049065231265325
-0.6707159377336332,-1.911460896689474
-0.7027556221181349,-1.0450503262822024
1.4378895125202438,0.06763611740480013
-0.7666746487644854,-0.604691716193489
1.2062835544196968,-0.7622531954453039
-0.4848237358887993,-0.7427970897013968
0.9406739043542407,-0.8117857143896403
0.4920267268636133,-0.0032084303833439243
-0.6460057830511948,-1.7548626334106638
-0.3309836524809876,-1.2671957553128486
-0.8577116721541034,0.3434931724701324
-0.1686405914249537,-0.6220956528356325
-0.43706373510149177,-1.0655160180610341
0.07759815590225161,-1.2244148865783036
1.6534785373609397,-0.7860382918489512
-0.8916373425832724,-1.53391489338205
2.281437208301583,0.9699258959087194
2.7672489789590937,0.7252297566367991
1.6374007864696725,-1.240876316658667
1.0001214558441245,-0.6350896331380143
0.2232549595175197,0.6552842719042459
2.8284206547510333,-0.16072460318403542
1.2151426462979007,-0.21959662073375882
2.3138036570834455,-0.816533399696932
-0.42253811153259097,-0.1652631279688872
0.5167786380976243,-0.764337702398
1.5696284549931128,1.3783679796943151
-0.7351158556628723,-1.4496713154761678
-0.23918839397323227,-1.0342813302953646
-0.8916579610311193,-1.2976248218331403
0.17770422500772803,-0.5275756905427864
0.23283759127278456,-0.2672623233658537
1.1038634628465784,-0.271430001771879
1.3214898766387788,-0.8987576037514754
0.5410877147017986,-2.0285996401274184
-0.6165510080033891,-1.6580380334196638
0.8981920945933742,-0.5927565783406326
1.9746469449577886,0.13052501374288988
-0.4089994276418308,-2.329110169617257
6.76007607281235,3.616820613922362
2.4309731039314717,0.9765853158184334
-0.42500343347516745,-1.2522058801902645
0.2539118496867049,0.2774178733211181
-0.4411656845842053,-0.33467613619517256
0.7017162677203489,0.2579840908856457
0.07744284783636779,0.3188637623062262
2.0833260922582744,0.035882005871164864
1.4016726592052555,0.42003918146090785
-0.7079644518216472,-0.2594195622591134
-0.5673725740095876,-0.5732841754645114
1.3938041415057763,0.24511663064429387
0.5605720376075047,-1.4524222155677018
3.0183421809009987,1.012097418323257
-0.03846117917314821,-0.8443393070703068
2.3312009562523426,0.360791960657674
-0.1825307645109639,-1.2297620094768622
1.0907321995538115,0.16714902053000927
1.977762912311598,1.0742350624214356
1.458658350473234,1.166970090201765
0.6992776725941922,-0.5638473016886534
1.1490860415012831,1.0220008219823735
0.4200129644448994,-1.0787351580667006
1.9383625371286646,1.8699007468563904
-0.8472685877297476,-1.0987120258426086
-1.4000455028398415,-1.6572704477294924
2.706150131443177,1.1122496194309461
1.2431536998404564,-0.3628204238461532
0.3513713970693573,-0.9813677544327959
-0.7140798532991918,-1.35425774111937
-0.7772153119631494,1.2757799705781236
2.0384975025234033,-0.7756157520044816
2.402291908534834,1.6298076298970334
-0.924154806136823,-1.1701845369537278
-0.3791101219987337,-1.5247751195418096
1.3493079675103785,1.2451757423540462
0.19023141981182587,-1.3063521752984752
-0.6503094985313745,-1.8117967689959313
-0.4949526894419407,-2.0730800670160114
0.009716951168127435,-1.4544840596342805
2.5751614782671046,2.2127352821183366
2.4060517079494144,0.26646415860056405
1.5655733888151384,0.7884381232853055
-1.4083885706591728,-1.3163173949263558
0.18264979397100825,-1.8522268571961922
0.6129734912227267,-1.2943104186779524
0.934741837273073,0.2710723750081636
-1.2966386584755278,3.826523058905909
-1.5976443447324404,-0.973143070129427
0.5525487795685308,0.4703228366949314
-0.9341798721671947,0.27079679392000156
-2.36718880669905,0.612566142413799
-0.987948946107886,-0.9202867617090281
-2.3949089955166287,1.986207298229685
-1.7862873146023075,0.15487958754333964
0.43868583808371087,0.5215022616944525
-0.8758318222102042,-0.44168749572477856
0.27539705185608393,-0.14259743543051806
-2.147830672083423,2.74211846238057
-0.8815028554553757,1.1969668289408228
-1.7807876578614386,-0.5443346118752791
-2.224027016149754,0.2035747516299793
-1.5941648445419174,-0.2607044371656876
-0.97332683959525,0.4018166668356937
-1.5518749430961112,0.6151696665900294
-1.4203587511397422,0.49294434486636923
-0.8024095522079885,-1.2802982360628021
-1.0717448054372027,1.0540941577465743
-1.325363459066674,0.7699220628002892
-1.6200840522200661,1.7051274149570064
-1.9672736150564665,1.4170941438113551
-2.0468666837851623,0.8589889872320008
-1.6284155681641381,1.6506676012344688
-1.141994661884649,-0.986823657563322
-2.192304403544788,1.892332202311549
-1.3482049071713278,0.712855559162914
-1.4459509190430286,0.32015637883381504
-2.3297493770123663,0.7786770328915258
-0.7149294093297062,0.13189638760969383
-1.769919849230005,0.4689921248535457
-1.3087797902403266,-0.10300643643479712
0.9167762494769673,0.07022547510848696
-1.1399035923423733,0.300521575173418
-1.8047498463823253,0.3700761489282032
-1.045543858231023,0.7977719173277666
-0.09643165163382902,-0.3243938027479943
-0.8798545806865029,-0.3574371894840898
-1.8303940561095644,0.26134804022201374
-2.0490918667294413,2.101130016088711
0.380512096485182,1.5476235678608106
-0.11911054957968142,0.17922145792331642
-0.25912765024294876,-1.0473951863880588
-1.141993955604243,2.533195124238209
-1.2184151785878017,0.583508316651083
-1.0277822019846745,-0.22706213038445436
-3.042845360999762,2.6294099385144523
-1.659166234305569,0.9869055249821854
4.5309443514598335,2.102867872448295
-0.9646602314666994,0.21676457036791894
-2.4867892133184095,0.10540463087928321
-0.7983875214064992,-0.001465760435767132
-2.0365840592427986,0.4531818477460116
-2.17181476805999,0.5876640332538409
-1.7711465359662977,0.1681622675611003
-0.09551690592372054,0.011773779409469082
-0.4777975251411614,-1.1759969398713273
-1.9404763395875326,2.006244559376802
-0.8012643882208362,0.15991706986972276
-1.8263502112973964,1.6171309944475898
-0.18885780633841356,0.07247765432272908
0.2820418407889763,1.928767085309424
-1.3673840919483873,1.4910890527345215
-1.0347541218254577,-0.14631820342025556
-1.147984973274321,1.5398420324286883
-2.0692683136474024,0.32814377082776036
-0.1508096607300192,1.4357590948766303
-1.7227815333736856,0.19533346089937964
-0.44289203782905295,-1.8043960756805448
-2.2489398058178693,1.8574015165022026
-0.5068581698458331,0.45425606032698823
-1.510998945570121,2.124512120510495
-2.4292370152298037,0.7484459860353787
-1.3669694375317745,-1.2791451309806394
-0.8200947633056485,0.26623114208427534
-1.8214219009164192,-0.03364284921840434
2.3774370597622907,2.3093001379111118
0.9452423795981909,0.17893232956787827
-2.155717924423562,0.5289236852971705
-1.0259507980647045,1.2638376831488423
-1.6848691537443823,0.5084927709188432
-1.7793926904475135,-0.048712796017809035
-0.8106236241091155,0.9392973604283035
-0.09580073666363613,-0.8777657178563262
0.054513175143506384,0.9040240431017602
0.6125820585329226,0.5523617209229935
-0.5741946773164638,-0.4623464888238804
-2.5681773377918624,2.310034366876595
-0.630020061073293,0.6709832121659914
-1.7481950894975802,0.18552838511195596
-2.042138951626325,0.7797737097193429
-1.0869938102124526,-0.10793533984230182
0.04667294441455,-1.6455040091493782
-1.088969278093093,-0.2864828652626786
-0.02052014846316502,-0.8576648437107849
-2.899304116635142,4.731683902032253
-1.0613226373520532,-0.49230189412370434
-3.614607653566789,4.512720857159314
1.7058263789731583,-0.017321930038846283
-0.42080259766144684,0.28584789979852304
-0.9558524507780645,-1.049657354706584
-1.6679880912859764,0.5668997419086327
-0.9217239848486283,-0.14875151053119337
-0.8550842487134317,-0.19109376202230854
-1.5912624739085297,0.4848293380416722
-3.2650525847649097,4.086728686547916
-2.7838947591855994,1.9999401467555875
-0.9250854732292798,-0.5871465072412771
-1.620629247506851,-0.5021141670984877
0.2512506243102268,0.05832843797533642
-0.7066571666243425,-0.3384582863857571
-1.445717950091663,-0.4139675528219903
-1.1460085358613112,1.5432532417647442
-0.7437488258785172,-0.656460972501881
-3.303203575106528,4.900498009343103
-1.3062664547726766,-0.2026336927065743
-0.9613809609133518,1.9184155011538016
-1.5661588596490479,1.545030879339142
-1.866481920287964,0.8557673382298441
-1.7083553112649585,0.3610639375525338
-0.6456350287361979,-0.5627632186315452
-1.1207376688592128,-0.008264434995022532
-0.41722243479954874,-0.2674521564059461
-2.023570105401116,0.22629726152186364
3.266350238295867,0.4674123698343928
-2.176951795117903,2.3288984536351736
-1.4526619410908097,0.2848872361059384
1.463742377906565,-0.16771033327921844
-1.318408850187659,-0.7211686329530385
-1.6224030237930465,-0.42021388742690224
-1.2442161843262962,0.4141807605524731
-0.4987968136712293,1.0732594870329675
-1.7783535153442882,0.04003345237010662
-0.8108029034762533,-0.97960848320042
-1.045168798553341,0.20045604784051074
-1.3975476737273314,1.35603613173542
-0.8431802726485342,0.3613350089491996
-2.2249199348060826,1.025371161609784
-0.04905937822656492,1.1423320175977918
-1.5908953811028315,0.65688414530959
-2.555960177592008,0.9526892975232206
-1.7378798149291095,0.7524196434465426
-2.4491637503206998,1.0050859543607495
-2.2652085793996872,0.3645392469321704
-1.7184424685198205,0.5474520143684712
-0.24398395020077152,-0.26075633583345476
-3.2946815437857304,3.6033953018975486
-1.5748472876475792,-0.5909805701358127
-2.6544932187675996,1.4634257272399238
-0.8167844451337173,0.1261122813608335
-1.968166426600734,0.1318116641215032
-1.4911018637319906,-0.3522671874486043
-1.9224829758428246,1.4645649423437952
1.7001497653094566,0.17487660647909567
-0.2952281187982329,-1.0045306229676443
-0.1963813566293703,-0.7387701057768381
-1.6942783864431534,0.20124299038606952
-1.546206183173728,-0.3161703888260733
-0.2521804932811553,-0.47501849232058085
0.31683810674845503,2.3418267793515932
-0.09503051464378208,0.17248418452928468
-1.7006354764610463,-0.19915513272134283
0.49058099869324034,-1.1877658255718686
-1.0786360296653086,-0.3063867329305821
-2.432530932516199,0.5456626461485098
-0.3593451673759287,-0.0412359406279307
-1.3741768054001513,1.0286683801866114
-2.8583890463919164,1.4130037746209265
1.7385643437559104,-0.28815656560010566
0.8183006612847633,-0.037089213712136124
-0.8039961192742953,-1.3120429638242475
-1.3883439036155287,1.5566364115485065
-1.3404510368800233,2.0945898976891826
-0.6611129945290651,-0.47243714528836206
-0.502936396504667,-0.1584855899767387
1.2508795073267422,0.45673654479240056
-0.432416773167829,-0.12330141685938882
-2.304800070979992,1.347509237452708
0.9173133905897954,0.12285014475350184
-1.1098497895957742,1.474854165807537
-1.954161625302335,0.05433906131305259
-2.164995223480743,-0.20767670780362163
-1.17717395140505,1.1327374902726477
-0.6754127979847585,-0.9299764783520837
-0.7416181949106306,0.5492933677528303
-1.289638773329576,-1.0583055476902372
-1.0328961149372085,-0.7664995036977081
-1.0188803281434893,-0.7942534885484439
1.608522042986984,0.04625442206412593
-2.3364416299690665,2.2735437232397606
-1.1670387560521758,0.16152795245109355
-1.891055659572899,-0.8386795625681943
-0.769751590631729,-1.102527279746135
-1.3330901317879225,1.4120934725021244
-1.3811292983788879,-0.3928191962216057
-0.4522956384450948,-0.8741549454462273
-2.6150364220029694,2.584713316855381
-0.4536858093096893,0.829080712783038
0.23935417518659097,0.5954351431391628
-1.7841673865222658,0.11061105852816967
-0.9116634510493714,0.5278654567826324
-1.7319643636880264,0.0991530288681467
-1.9529027999040733,0.7417809293783816
-1.86244809223217,1.4891508009844319
-0.8186956350458349,0.3151761858416909
-0.8431803704781347,-0.3464229916023444
-1.1999861418236404,-0.02695922654906553
-2.169197246700177,1.227131994573208
-2.335441522096628,2.210397615386208
-0.9268659464404945,-0.6963939096469737
-2.8488834217057204,3.2801930943255573
-1.3244244159890293,1.0309671606670012
1.0542718902746804,-1.0205698945845203
-2.1829177815077636,1.945773274470621
-2.01683614672074,2.1992521499537627
-1.1824709854404774,-0.7188134713590636
-1.9293349366743875,-0.1569079046279444
-1.1755959846851831,1.4892675521539958
-2.218343755927817,2.3859315578578197
-1.5473672715476217,-0.38140681439109575
-1.9292009913222117,-0.36252724008774334
-1.1366235063033192,-0.6883968564817922
-1.3009982305586225,1.3387504388155422
-1.4187509185161684,-0.3636159540629631
-0.08064247855198443,0.13701019691802205
-1.2547323996435995,-0.9142678713474145
-1.3177102031078898,-0.33720557845488836
-1.3293981605033298,-0.31988834697883994
-0.734089637210325,-1.4816680757243657
-3.464521043939083,6.291526938270806
0.008738444414134782,-0.4313675933867603
0.5031920228239799,2.974354634352996
1.3659959334679606,0.6112517456809955
-0.2585213641627781,0.8301629304489411
-0.5181022891343572,-0.47415253454421113
-1.8353594361004961,1.320036188129587
-1.450212622164056,0.8080177975386729
-0.9486218907763209,0.04735288172103243
3.310465103602436,0.521000305297752
-1.8361199135584088,0.05132859089721037
-1.0953120127855984,-0.41539327753281563
-1.4808974930694716,1.438267609194566
-0.8879551009713362,-0.8485826133029178
-2.4803231804902452,1.737216854542053
-2.5844349677016623,2.148907735973011
-1.318851676922223,1.1485724102625352
-1.670124787722711,-0.7811462073297765
0.27183188114191964,-0.2085716905384257
-0.8379683509856105,0.11964303716492516
2.361501979607796,1.055990632254434
-1.3150407460168552,1.1226749779315488
-1.5813680360917899,-0.28834529515123813
-1.2426705142090944,2.4613953687668744
-0.34556220770366897,0.3360767924082816
-1.2397077446694567,-0.2128528307421508
-2.7186441710353235,2.1521987094204142
-2.1784801723602683,0.45327138798772754
-1.754499747092608,0.948776479770963
-1.761985854449534,-0.15675410305665757
-0.45308416485772934,-0.01061458895125446
0.8754675908050228,-0.09106743294179973
-2.2344087374977266,0.716381958952779
-1.7560582999550243,1.1754944400708802
-1.8517830453127195,-0.3547334027675601
-0.2833134939311484,2.365033744793282
-0.046532369028150035,-0.514951448181152
-1.791670475867332,-0.5665238908760547
-0.6630821966833678,-1.079811410663095
1.2141287375217071,-0.18478366251243367
-1.0059411470731907,0.409034081978542
-0.8035450421261103,1.085403317211653
0.2972286148916536,0.9464424155650119
-1.6023381400583356,-0.5619354751283145
1.6741931457219752,0.8727737830322514
-1.0757611221400567,0.7929183910676454
-1.079002121273566,-0.25450320848322744
-1.070401856502489,-0.8108582183658187
9.221281827436293,7.09512624457269
-2.3254068036225592,0.6215594670359732
-1.5540030926088468,-0.6841646832767663
-0.7494593236282262,0.5387076687629013
-3.640352017451913,5.59683588877119
-1.7853268023623392,1.0561458138091406
-1.3482691273682696,-0.6422222430234116
-1.4516837810674361,1.9406309718017074
3.3288299155323595,0.8956475986252453
-0.6603841884465045,0.057202280470908584
-2.6954696396908497,1.1118622809425212
-0.48641715118774703,0.2810424039150522
1.8574144676996815,3.7715995707022674
-0.8551504393240031,-1.096196559030623
-0.8530989235576382,0.4978617799766193
-2.328178273092172,0.6451758487714208
-0.8903774892686424,-0.46989212342157366
-1.0026910119821748,1.452934548501489
-2.1427702031919837,1.015359604625252
1.3815588688478857,1.6207400134284304
-2.4319619112689823,0.5737884998557478
-1.7281163602311689,-0.08810050847591754
-2.2716864150462768,2.0658309959751797
-2.6834757019659166,4.595508256587668
-2.5364464952087187,2.0951848691490653
-1.9586547406758466,1.5337816497432113
-0.8170034225041128,0.21327280322580844
0.07615424249863476,0.7315848331700249
-0.5484964670168513,0.2630378933069453
-1.1240875913877553,-0.7444444989561853
-1.2184590601710994,0.7779981840941164
-1.4852514755948385,-0.07605847592574703
-0.733926128946861,-0.35838197508047775
0.28154126199808094,1.7586980639677645
-0.9936303789532989,-0.9170913054000642
-1.2493828179263233,-0.10865608043287633
-2.0045412891763346,1.0089096114214733
-0.4798187663404938,-1.0310450375509057
-1.455381031096318,-0.45572411332358986
-0.5348258972296209,1.3705516480608304
-1.3110703197035818,0.20544136846389752
-1.735743762308983,0.13365860305057645
-2.300282572610015,1.6200010732284196
-0.19146654719599263,0.4031910158253788
-2.8550518996435,2.5909624059507257
-0.3080491449210284,-0.5003689357409806
-1.6368476209544178,-0.10517277547080481
1.6932973344034237,1.403956373603708
-1.629554169581286,0.53182101994404
2.6017471798997134,2.684693902089615
-1.1978863728243712,0.6212102112642386
-0.7348306912116706,-0.10181507763315391
-0.038032103179117135,0.6786811502535707
-0.9995464320491135,-0.6590824204312233
-0.6038926179848255,0.4475667589377551
-2.2014121521724443,0.333138862862159
-1.9610433493893096,-0.13359374511964958
-1.5344578406883145,0.32447979754211914
-0.5883694306013689,1.7086166623585202
0.14630813970157056,0.3823015091336476
-1.9095060779630288,1.5547003141810636
-2.306340457083998,-0.2033794264702978
2.0656453513345476,6.1849188850208545
-2.0184223596571913,-0.8036465046935778
-0.4826591933263554,0.8546405737017958
-1.7278458949025157,2.432167479703283
-2.13701166692373,0.9884066794531741
-0.24606750600815802,4.217613044585729
-1.6519666923937946,-0.0988972768143705
-2.1812491159451204,0.8154365614910262
-1.5699939085322205,0.7422808052183919
-0.6309353340604692,-0.7685577697084024
-0.8964386909031344,-0.031332316718259715
-0.908270098096612,0.21969274292974797
-1.512920469641598,0.7740778006011559
0.22140680724542938,0.5651805456663905
-0.6797024062113418,1.1723110257115532
-1.5942895922086653,1.1936001177692392
-2.6395694536970997,1.1803339001634914
0.14691583412200646,-0.6837869324689709
-2.53874795839047,3.0256018649078347
-0.51415190595839,1.4882875381773755
-1.9414605639092728,0.636380621955284
-2.8429087856113426,1.6426509574424475
1.7150239840511803,-0.7520636326497095
-2.8247149406466696,2.7416689526187383
-2.4957522927850144,3.9466015336393867
-1.5882722386484451,1.7035568187407746
-1.4725406784932589,-0.09407294310565932
-0.48737920896705206,-0.13632048053051304
-0.9834933450464238,0.3649592262931415
-1.1658111916834604,-0.8087984130073419
-1.635094079603573,-0.5875327823599876
-1.8610669933101438,0.12133208593265275
1.1180044203084996,3.3128240652856427
1.02417325063801,-0.19371493375420126
-0.9397912636255786,0.03611089071803772
-1.5434152578540619,-0.4014584948664271
-1.3664731910177008,-1.3699214015110535
-2.222563357527729,1.1412489188195127
-0.9641753443907753,1.896079080478526
-1.6359621436424265,-0.7248382922600017
-1.1487630563050597,-0.9687849377557548
-2.378534390614832,0.4359073037639977
-0.9574299133004475,-0.033327104162363695
-0.09517752366785498,1.114090836954172
-2.181200441241196,0.8539689415311552
-0.8513673993316365,-1.155201835621597
0.4927683316257473,0.163394285757435
-1.6879944525137627,-0.5278522759732174
-1.8812397525638125,2.346928960426096
-0.9454140496688619,-0.44829975204770717
-0.4294726331261101,0.9318899957822697
-1.024658315437525,-0.2771566999158709
-1.3943972377548006,0.7134907290366769
-1.997188333654316,1.94108317539655
-1.5433056220778947,0.90240263379356
-0.7006208616481091,-0.4207369641635971
-1.3062818100345168,-0.49967748615434127
-0.7412861672365086,0.12137063789138035
-0.9325509062764727,2.074932045326935
-2.9869946311675855,4.624557568581919
-1.7482406145867881,0.820306164138756
-2.475064378522032,1.4095501280200722
-1.506055815763921,-0.8448610105394727
-0.635979822418492,-0.16534797895973946
-1.4105928051191,0.28151015752192793
-1.1292912884728756,0.5332223027526134
-0.8442923926472222,-0.5148102403575916
-0.43782641117546023,0.7414736865505062
0.14554584402405704,0.8341995716402608
1.3224158098554462,2.043957732861445
-1.7274398277319067,1.58793059303966
-0.15954901238717642,0.014872154119618298
-1.5447022622409827,-0.6868978835991753
-0.32016652453304995,-0.2786067822196591
-4.048373275478377,8.523969192185485
-2.5908650461484113,-0.07875769886074581
-0.8711937357885543,1.233384879374705
-2.895221977547584,2.622304593632081
-1.4080089647033336,-0.5118522791835001
0.2170536906699861,0.007522825849764988
-2.6872192689880054,1.5225362157834719
0.6839490145685019,0.0016189919162441875
-1.2789732460671024,-0.6288894671158823
-0.8187814287711719,0.3513116289805653
0.617399289206314,1.0609066796357787
-0.40662387658048244,-0.655881761391527
-0.1457224956040007,-1.003020783162698
-3.036192821486419,2.955944136659751
-1.1150657693273587,-0.23277361124939053
-0.49454221310923535,0.2954808787865266
-1.2636423026701886,0.9329530170593764
-1.919621275196452,1.2251936598886821
-0.6750833202049786,1.163803257365414
-0.9432827443032626,-0.28726596533358234
-1.3561978290445997,-0.5187228103554427
-1.0200886631880177,-0.5493637726550556
-1.0721636816956366,0.08841931296939934
-1.0076528173376658,0.15377679642160194
-0.30386045349674584,1.310126885111043
-2.1614932279594465,0.17070829553262382
-2.1072479124933845,0.3024197403302152
-0.18999148234695104,0.987228915204899
-0.7835513975666222,-0.502330599654908
-1.6129323747824618,-0.6790203864147898
-1.3341368350272198,-0.8687687197549216
-1.503496371159932,0.18358851082067337
-1.6260197859178465,3.0744680294902085
-1.8791969548140266,0.7723896043348146
-1.5518625205293612,3.9085490770037827
-2.0138513971153564,0.7942941862466818
-1.9239899475537632,0.5327074393257509
-0.23852382489167442,-0.04979952321134462
-1.5862018937168851,-0.5164330697041293
-0.5782220849669768,-0.7009500271251439
-1.3601172777904809,0.8601142761498812
-0.7331302366151133,-1.3399685179564145
-0.9254654973707651,1.5888684616934778
-1.2323376424280534,-0.47747154580400164
-1.7247182152258331,0.23658007771316206
-0.3769588445058683,-0.7424205522560214
-2.0649591745692617,-0.2841968876692979
-1.7978908947995456,-0.7268022018767945
-0.4895950927785684,-0.320198341703713
0.38301452204428255,0.13410299818147975
-1.3831736450529366,-0.5208865012360561
-2.1486687602527414,1.874199688381361
-2.868638827198185,1.3243794095392214
-0.8186595988686656,-0.715169339279981
-1.5857910861026334,1.4192517709333001
-1.226080563069534,0.08748116800975356
-0.947460401685018,0.1403186007495074
-1.494132917444484,0.12968036012445208
-1.2385395450410643,-0.5412244440178912
-2.622732663058454,2.0340804998785766
-0.4802003010515064,0.27014078830885974
-0.35624069027091587,-0.830546275337651
-1.785610481145706,0.49874836468435746
-0.4785706050408421,-0.8065536616691722
-1.545389516838511,0.2614642248895798
-0.7014313101381239,-0.9096466174162556
-1.3111191445038106,-0.4450910675771459
-1.5186181378283172,1.090819572848169
-1.7476708806186791,1.0481096043908142
-2.2482614076867877,0.21751169241898394
-1.2570737851826688,-0.16567221071530686
-1.021775129965583,2.3649828262453294
-1.8105783131686122,1.195149673890992
-1.5293895691082622,-0.9312296041608784
-0.807226438664307,0.4864192702098311
-0.62284010417226,1.0274771257068844
-0.8325851060609567,-0.8104477646115766
-1.4475664092158846,0.47289852748206596
-1.4036628532939104,-0.36370121408258227
-1.3477690849707462,1.3057408626541942
-1.848874236994708,0.279855267303725
-1.2269026795690587,0.6648657487433468
-2.3777178266570713,1.7269544971008934
-1.4464174782307344,0.7089542508855576
0.7998121072551335,0.9545193141086581
